Optimizer,Avg. Accuracy,Std. Dev. Accuracy,Avg. Loss,Avg. Training Time (s)
ADAMW,0.8865166664123535,0.012428830669450025,0.5115503251552582,21.924079608917236
