Optimizer,Avg. Accuracy,Std. Dev. Accuracy,Avg. Loss,Avg. Training Time (s)
ADAM,0.8283333301544189,0.012305830298917395,0.6287682890892029,22.411920690536498
