Optimizer,Avg. Accuracy,Std. Dev. Accuracy,Avg. Loss,Avg. Training Time (s)
RMSPROP,0.923633337020874,0.005240228418466003,0.363365912437439,22.663401222229005
